t,x
0.000000,0.000000
0.000125,0.328855
0.000250,-0.073005
0.000375,0.536856
0.000500,0.404508
0.000625,0.249808
0.000750,0.793844
0.000875,0.286327
0.001000,0.475528
0.001125,0.638452
0.001250,0.053553
0.001375,0.473381
0.001500,0.154508
0.001625,-0.172902
0.001750,0.221783
0.001875,-0.403474
0.002000,-0.293893
0.002125,-0.168071
0.002250,-0.745503
0.002375,-0.274053
0.002500,-0.500000
0.002625,-0.698317
0.002750,-0.145503
0.002875,-0.592335
0.003000,-0.293893
0.003125,0.020790
0.003250,-0.378217
0.003375,0.251362
0.003500,0.154508
0.003625,0.049117
0.003750,0.653553
0.003875,0.214188
0.004000,0.475528
0.004125,0.710591
0.004250,0.193844
0.004375,0.674072
0.004500,0.404508
0.004625,0.112592
0.004750,0.526995
0.004875,-0.095409
0.005000,0.000000
0.005125,0.095409
0.005250,-0.526995
0.005375,-0.112592
0.005500,-0.404508
0.005625,-0.674072
0.005750,-0.193844
0.005875,-0.710591
0.006000,-0.475528
0.006125,-0.214188
0.006250,-0.653553
0.006375,-0.049117
0.006500,-0.154508
0.006625,-0.251362
0.006750,0.378217
0.006875,-0.020790
0.007000,0.293893
0.007125,0.592335
0.007250,0.145503
0.007375,0.698317
0.007500,0.500000
0.007625,0.274053
0.007750,0.745503
0.007875,0.168071
0.008000,0.293893
0.008125,0.403474
0.008250,-0.221783
0.008375,0.172902
0.008500,-0.154508
0.008625,-0.473381
0.008750,-0.053553
0.008875,-0.638452
0.009000,-0.475528
0.009125,-0.286327
0.009250,-0.793844
0.009375,-0.249808
0.009500,-0.404508
0.009625,-0.536856
0.009750,0.073005
0.009875,-0.328855
0.010000,0.000000
0.010125,0.328855
0.010250,-0.073005
0.010375,0.536856
0.010500,0.404508
0.010625,0.249808
0.010750,0.793844
0.010875,0.286327
0.011000,0.475528
0.011125,0.638452
0.011250,0.053553
0.011375,0.473381
0.011500,0.154508
0.011625,-0.172902
0.011750,0.221783
0.011875,-0.403474
0.012000,-0.293893
0.012125,-0.168071
0.012250,-0.745503
0.012375,-0.274053
0.012500,-0.500000
0.012625,-0.698317
0.012750,-0.145503
0.012875,-0.592335
0.013000,-0.293893
0.013125,0.020790
0.013250,-0.378217
0.013375,0.251362
0.013500,0.154508
0.013625,0.049117
0.013750,0.653553
0.013875,0.214188
0.014000,0.475528
0.014125,0.710591
0.014250,0.193844
0.014375,0.674072
0.014500,0.404508
0.014625,0.112592
0.014750,0.526995
0.014875,-0.095409
0.015000,-0.000000
0.015125,0.095409
0.015250,-0.526995
0.015375,-0.112592
0.015500,-0.404508
0.015625,-0.674072
0.015750,-0.193844
0.015875,-0.710591
0.016000,-0.475528
0.016125,-0.214188
0.016250,-0.653553
0.016375,-0.049117
0.016500,-0.154508
0.016625,-0.251362
0.016750,0.378217
0.016875,-0.020790
0.017000,0.293893
0.017125,0.592335
0.017250,0.145503
0.017375,0.698317
0.017500,0.500000
0.017625,0.274053
0.017750,0.745503
0.017875,0.168071
0.018000,0.293893
0.018125,0.403474
0.018250,-0.221783
0.018375,0.172902
0.018500,-0.154508
0.018625,-0.473381
0.018750,-0.053553
0.018875,-0.638452
0.019000,-0.475528
0.019125,-0.286327
0.019250,-0.793844
0.019375,-0.249808
0.019500,-0.404508
0.019625,-0.536856
0.019750,0.073005
0.019875,-0.328855
0.020000,0.000000
0.020125,0.328855
0.020250,-0.073005
0.020375,0.536856
0.020500,0.404508
0.020625,0.249808
0.020750,0.793844
0.020875,0.286327
0.021000,0.475528
0.021125,0.638452
0.021250,0.053553
0.021375,0.473381
0.021500,0.154508
0.021625,-0.172902
0.021750,0.221783
0.021875,-0.403474
0.022000,-0.293893
0.022125,-0.168071
0.022250,-0.745503
0.022375,-0.274053
0.022500,-0.500000
0.022625,-0.698317
0.022750,-0.145503
0.022875,-0.592335
0.023000,-0.293893
0.023125,0.020790
0.023250,-0.378217
0.023375,0.251362
0.023500,0.154508
0.023625,0.049117
0.023750,0.653553
0.023875,0.214188
0.024000,0.475528
0.024125,0.710591
0.024250,0.193844
0.024375,0.674072
0.024500,0.404508
0.024625,0.112592
0.024750,0.526995
0.024875,-0.095409
0.025000,-0.000000
0.025125,0.095409
0.025250,-0.526995
0.025375,-0.112592
0.025500,-0.404508
0.025625,-0.674072
0.025750,-0.193844
0.025875,-0.710591
0.026000,-0.475528
0.026125,-0.214188
0.026250,-0.653553
0.026375,-0.049117
0.026500,-0.154508
0.026625,-0.251362
0.026750,0.378217
0.026875,-0.020790
0.027000,0.293893
0.027125,0.592335
0.027250,0.145503
0.027375,0.698317
0.027500,0.500000
0.027625,0.274053
0.027750,0.745503
0.027875,0.168071
0.028000,0.293893
0.028125,0.403474
0.028250,-0.221783
0.028375,0.172902
0.028500,-0.154508
0.028625,-0.473381
0.028750,-0.053553
0.028875,-0.638452
0.029000,-0.475528
0.029125,-0.286327
0.029250,-0.793844
0.029375,-0.249808
0.029500,-0.404508
0.029625,-0.536856
0.029750,0.073005
0.029875,-0.328855
0.030000,-0.000000
0.030125,0.328855
0.030250,-0.073005
0.030375,0.536856
0.030500,0.404508
0.030625,0.249808
0.030750,0.793844
0.030875,0.286327
0.031000,0.475528
0.031125,0.638452
0.031250,0.053553
0.031375,0.473381
0.031500,0.154508
0.031625,-0.172902
0.031750,0.221783
0.031875,-0.403474
0.032000,-0.293893
0.032125,-0.168071
0.032250,-0.745503
0.032375,-0.274053
0.032500,-0.500000
0.032625,-0.698317
0.032750,-0.145503
0.032875,-0.592335
0.033000,-0.293893
0.033125,0.020790
0.033250,-0.378217
0.033375,0.251362
0.033500,0.154508
0.033625,0.049117
0.033750,0.653553
0.033875,0.214188
0.034000,0.475528
0.034125,0.710591
0.034250,0.193844
0.034375,0.674072
0.034500,0.404508
0.034625,0.112592
0.034750,0.526995
0.034875,-0.095409
0.035000,0.000000
0.035125,0.095409
0.035250,-0.526995
0.035375,-0.112592
0.035500,-0.404508
0.035625,-0.674072
0.035750,-0.193844
0.035875,-0.710591
0.036000,-0.475528
0.036125,-0.214188
0.036250,-0.653553
0.036375,-0.049117
0.036500,-0.154508
0.036625,-0.251362
0.036750,0.378217
0.036875,-0.020790
0.037000,0.293893
0.037125,0.592335
0.037250,0.145503
0.037375,0.698317
0.037500,0.500000
0.037625,0.274053
0.037750,0.745503
0.037875,0.168071
0.038000,0.293893
0.038125,0.403474
0.038250,-0.221783
0.038375,0.172902
0.038500,-0.154508
0.038625,-0.473381
0.038750,-0.053553
0.038875,-0.638452
0.039000,-0.475528
0.039125,-0.286327
0.039250,-0.793844
0.039375,-0.249808
0.039500,-0.404508
0.039625,-0.536856
0.039750,0.073005
0.039875,-0.328855
0.040000,0.000000
0.040125,0.328855
0.040250,-0.073005
0.040375,0.536856
0.040500,0.404508
0.040625,0.249808
0.040750,0.793844
0.040875,0.286327
0.041000,0.475528
0.041125,0.638452
0.041250,0.053553
0.041375,0.473381
0.041500,0.154508
0.041625,-0.172902
0.041750,0.221783
0.041875,-0.403474
0.042000,-0.293893
0.042125,-0.168071
0.042250,-0.745503
0.042375,-0.274053
0.042500,-0.500000
0.042625,-0.698317
0.042750,-0.145503
0.042875,-0.592335
0.043000,-0.293893
0.043125,0.020790
0.043250,-0.378217
0.043375,0.251362
0.043500,0.154508
0.043625,0.049117
0.043750,0.653553
0.043875,0.214188
0.044000,0.475528
0.044125,0.710591
0.044250,0.193844
0.044375,0.674072
0.044500,0.404508
0.044625,0.112592
0.044750,0.526995
0.044875,-0.095409
0.045000,-0.000000
0.045125,0.095409
0.045250,-0.526995
0.045375,-0.112592
0.045500,-0.404508
0.045625,-0.674072
0.045750,-0.193844
0.045875,-0.710591
0.046000,-0.475528
0.046125,-0.214188
0.046250,-0.653553
0.046375,-0.049117
0.046500,-0.154508
0.046625,-0.251362
0.046750,0.378217
0.046875,-0.020790
0.047000,0.293893
0.047125,0.592335
0.047250,0.145503
0.047375,0.698317
0.047500,0.500000
0.047625,0.274053
0.047750,0.745503
0.047875,0.168071
0.048000,0.293893
0.048125,0.403474
0.048250,-0.221783
0.048375,0.172902
0.048500,-0.154508
0.048625,-0.473381
0.048750,-0.053553
0.048875,-0.638452
0.049000,-0.475528
0.049125,-0.286327
0.049250,-0.793844
0.049375,-0.249808
0.049500,-0.404508
0.049625,-0.536856
0.049750,0.073005
0.049875,-0.328855
0.050000,-0.000000
0.050125,0.328855
0.050250,-0.073005
0.050375,0.536856
0.050500,0.404508
0.050625,0.249808
0.050750,0.793844
0.050875,0.286327
0.051000,0.475528
0.051125,0.638452
0.051250,0.053553
0.051375,0.473381
0.051500,0.154508
0.051625,-0.172902
0.051750,0.221783
0.051875,-0.403474
0.052000,-0.293893
0.052125,-0.168071
0.052250,-0.745503
0.052375,-0.274053
0.052500,-0.500000
0.052625,-0.698317
0.052750,-0.145503
0.052875,-0.592335
0.053000,-0.293893
0.053125,0.020790
0.053250,-0.378217
0.053375,0.251362
0.053500,0.154508
0.053625,0.049117
0.053750,0.653553
0.053875,0.214188
0.054000,0.475528
0.054125,0.710591
0.054250,0.193844
0.054375,0.674072
0.054500,0.404508
0.054625,0.112592
0.054750,0.526995
0.054875,-0.095409
0.055000,-0.000000
0.055125,0.095409
0.055250,-0.526995
0.055375,-0.112592
0.055500,-0.404508
0.055625,-0.674072
0.055750,-0.193844
0.055875,-0.710591
0.056000,-0.475528
0.056125,-0.214188
0.056250,-0.653553
0.056375,-0.049117
0.056500,-0.154508
0.056625,-0.251362
0.056750,0.378217
0.056875,-0.020790
0.057000,0.293893
0.057125,0.592335
0.057250,0.145503
0.057375,0.698317
0.057500,0.500000
0.057625,0.274053
0.057750,0.745503
0.057875,0.168071
0.058000,0.293893
0.058125,0.403474
0.058250,-0.221783
0.058375,0.172902
0.058500,-0.154508
0.058625,-0.473381
0.058750,-0.053553
0.058875,-0.638452
0.059000,-0.475528
0.059125,-0.286327
0.059250,-0.793844
0.059375,-0.249808
0.059500,-0.404508
0.059625,-0.536856
0.059750,0.073005
0.059875,-0.328855
0.060000,-0.000000
0.060125,0.328855
0.060250,-0.073005
0.060375,0.536856
0.060500,0.404508
0.060625,0.249808
0.060750,0.793844
0.060875,0.286327
0.061000,0.475528
0.061125,0.638452
0.061250,0.053553
0.061375,0.473381
0.061500,0.154508
0.061625,-0.172902
0.061750,0.221783
0.061875,-0.403474
0.062000,-0.293893
0.062125,-0.168071
0.062250,-0.745503
0.062375,-0.274053
0.062500,-0.500000
0.062625,-0.698317
0.062750,-0.145503
0.062875,-0.592335
0.063000,-0.293893
0.063125,0.020790
0.063250,-0.378217
0.063375,0.251362
0.063500,0.154508
0.063625,0.049117
0.063750,0.653553
0.063875,0.214188
0.064000,0.475528
0.064125,0.710591
0.064250,0.193844
0.064375,0.674072
0.064500,0.404508
0.064625,0.112592
0.064750,0.526995
0.064875,-0.095409
0.065000,-0.000000
0.065125,0.095409
0.065250,-0.526995
0.065375,-0.112592
0.065500,-0.404508
0.065625,-0.674072
0.065750,-0.193844
0.065875,-0.710591
0.066000,-0.475528
0.066125,-0.214188
0.066250,-0.653553
0.066375,-0.049117
0.066500,-0.154508
0.066625,-0.251362
0.066750,0.378217
0.066875,-0.020790
0.067000,0.293893
0.067125,0.592335
0.067250,0.145503
0.067375,0.698317
0.067500,0.500000
0.067625,0.274053
0.067750,0.745503
0.067875,0.168071
0.068000,0.293893
0.068125,0.403474
0.068250,-0.221783
0.068375,0.172902
0.068500,-0.154508
0.068625,-0.473381
0.068750,-0.053553
0.068875,-0.638452
0.069000,-0.475528
0.069125,-0.286327
0.069250,-0.793844
0.069375,-0.249808
0.069500,-0.404508
0.069625,-0.536856
0.069750,0.073005
0.069875,-0.328855
0.070000,0.000000
0.070125,0.328855
0.070250,-0.073005
0.070375,0.536856
0.070500,0.404508
0.070625,0.249808
0.070750,0.793844
0.070875,0.286327
0.071000,0.475528
0.071125,0.638452
0.071250,0.053553
0.071375,0.473381
0.071500,0.154508
0.071625,-0.172902
0.071750,0.221783
0.071875,-0.403474
0.072000,-0.293893
0.072125,-0.168071
0.072250,-0.745503
0.072375,-0.274053
0.072500,-0.500000
0.072625,-0.698317
0.072750,-0.145503
0.072875,-0.592335
0.073000,-0.293893
0.073125,0.020790
0.073250,-0.378217
0.073375,0.251362
0.073500,0.154508
0.073625,0.049117
0.073750,0.653553
0.073875,0.214188
0.074000,0.475528
0.074125,0.710591
0.074250,0.193844
0.074375,0.674072
0.074500,0.404508
0.074625,0.112592
0.074750,0.526995
0.074875,-0.095409
0.075000,-0.000000
0.075125,0.095409
0.075250,-0.526995
0.075375,-0.112592
0.075500,-0.404508
0.075625,-0.674072
0.075750,-0.193844
0.075875,-0.710591
0.076000,-0.475528
0.076125,-0.214188
0.076250,-0.653553
0.076375,-0.049117
0.076500,-0.154508
0.076625,-0.251362
0.076750,0.378217
0.076875,-0.020790
0.077000,0.293893
0.077125,0.592335
0.077250,0.145503
0.077375,0.698317
0.077500,0.500000
0.077625,0.274053
0.077750,0.745503
0.077875,0.168071
0.078000,0.293893
0.078125,0.403474
0.078250,-0.221783
0.078375,0.172902
0.078500,-0.154508
0.078625,-0.473381
0.078750,-0.053553
0.078875,-0.638452
0.079000,-0.475528
0.079125,-0.286327
0.079250,-0.793844
0.079375,-0.249808
0.079500,-0.404508
0.079625,-0.536856
0.079750,0.073005
0.079875,-0.328855
0.080000,0.000000
0.080125,0.328855
0.080250,-0.073005
0.080375,0.536856
0.080500,0.404508
0.080625,0.249808
0.080750,0.793844
0.080875,0.286327
0.081000,0.475528
0.081125,0.638452
0.081250,0.053553
0.081375,0.473381
0.081500,0.154508
0.081625,-0.172902
0.081750,0.221783
0.081875,-0.403474
0.082000,-0.293893
0.082125,-0.168071
0.082250,-0.745503
0.082375,-0.274053
0.082500,-0.500000
0.082625,-0.698317
0.082750,-0.145503
0.082875,-0.592335
0.083000,-0.293893
0.083125,0.020790
0.083250,-0.378217
0.083375,0.251362
0.083500,0.154508
0.083625,0.049117
0.083750,0.653553
0.083875,0.214188
0.084000,0.475528
0.084125,0.710591
0.084250,0.193844
0.084375,0.674072
0.084500,0.404508
0.084625,0.112592
0.084750,0.526995
0.084875,-0.095409
0.085000,-0.000000
0.085125,0.095409
0.085250,-0.526995
0.085375,-0.112592
0.085500,-0.404508
0.085625,-0.674072
0.085750,-0.193844
0.085875,-0.710591
0.086000,-0.475528
0.086125,-0.214188
0.086250,-0.653553
0.086375,-0.049117
0.086500,-0.154508
0.086625,-0.251362
0.086750,0.378217
0.086875,-0.020790
0.087000,0.293893
0.087125,0.592335
0.087250,0.145503
0.087375,0.698317
0.087500,0.500000
0.087625,0.274053
0.087750,0.745503
0.087875,0.168071
0.088000,0.293893
0.088125,0.403474
0.088250,-0.221783
0.088375,0.172902
0.088500,-0.154508
0.088625,-0.473381
0.088750,-0.053553
0.088875,-0.638452
0.089000,-0.475528
0.089125,-0.286327
0.089250,-0.793844
0.089375,-0.249808
0.089500,-0.404508
0.089625,-0.536856
0.089750,0.073005
0.089875,-0.328855
0.090000,-0.000000
0.090125,0.328855
0.090250,-0.073005
0.090375,0.536856
0.090500,0.404508
0.090625,0.249808
0.090750,0.793844
0.090875,0.286327
0.091000,0.475528
0.091125,0.638452
0.091250,0.053553
0.091375,0.473381
0.091500,0.154508
0.091625,-0.172902
0.091750,0.221783
0.091875,-0.403474
0.092000,-0.293893
0.092125,-0.168071
0.092250,-0.745503
0.092375,-0.274053
0.092500,-0.500000
0.092625,-0.698317
0.092750,-0.145503
0.092875,-0.592335
0.093000,-0.293893
0.093125,0.020790
0.093250,-0.378217
0.093375,0.251362
0.093500,0.154508
0.093625,0.049117
0.093750,0.653553
0.093875,0.214188
0.094000,0.475528
0.094125,0.710591
0.094250,0.193844
0.094375,0.674072
0.094500,0.404508
0.094625,0.112592
0.094750,0.526995
0.094875,-0.095409
0.095000,0.000000
0.095125,0.095409
0.095250,-0.526995
0.095375,-0.112592
0.095500,-0.404508
0.095625,-0.674072
0.095750,-0.193844
0.095875,-0.710591
0.096000,-0.475528
0.096125,-0.214188
0.096250,-0.653553
0.096375,-0.049117
0.096500,-0.154508
0.096625,-0.251362
0.096750,0.378217
0.096875,-0.020790
0.097000,0.293893
0.097125,0.592335
0.097250,0.145503
0.097375,0.698317
0.097500,0.500000
0.097625,0.274053
0.097750,0.745503
0.097875,0.168071
0.098000,0.293893
0.098125,0.403474
0.098250,-0.221783
0.098375,0.172902
0.098500,-0.154508
0.098625,-0.473381
0.098750,-0.053553
0.098875,-0.638452
0.099000,-0.475528
0.099125,-0.286327
0.099250,-0.793844
0.099375,-0.249808
0.099500,-0.404508
0.099625,-0.536856
0.099750,0.073005
0.099875,-0.328855
0.100000,-0.000000
0.100125,0.328855
0.100250,-0.073005
0.100375,0.536856
0.100500,0.404508
0.100625,0.249808
0.100750,0.793844
0.100875,0.286327
0.101000,0.475528
0.101125,0.638452
0.101250,0.053553
0.101375,0.473381
0.101500,0.154508
0.101625,-0.172902
0.101750,0.221783
0.101875,-0.403474
0.102000,-0.293893
0.102125,-0.168071
0.102250,-0.745503
0.102375,-0.274053
0.102500,-0.500000
0.102625,-0.698317
0.102750,-0.145503
0.102875,-0.592335
0.103000,-0.293893
0.103125,0.020790
0.103250,-0.378217
0.103375,0.251362
0.103500,0.154508
0.103625,0.049117
0.103750,0.653553
0.103875,0.214188
0.104000,0.475528
0.104125,0.710591
0.104250,0.193844
0.104375,0.674072
0.104500,0.404508
0.104625,0.112592
0.104750,0.526995
0.104875,-0.095409
0.105000,-0.000000
0.105125,0.095409
0.105250,-0.526995
0.105375,-0.112592
0.105500,-0.404508
0.105625,-0.674072
0.105750,-0.193844
0.105875,-0.710591
0.106000,-0.475528
0.106125,-0.214188
0.106250,-0.653553
0.106375,-0.049117
0.106500,-0.154508
0.106625,-0.251362
0.106750,0.378217
0.106875,-0.020790
0.107000,0.293893
0.107125,0.592335
0.107250,0.145503
0.107375,0.698317
0.107500,0.500000
0.107625,0.274053
0.107750,0.745503
0.107875,0.168071
0.108000,0.293893
0.108125,0.403474
0.108250,-0.221783
0.108375,0.172902
0.108500,-0.154508
0.108625,-0.473381
0.108750,-0.053553
0.108875,-0.638452
0.109000,-0.475528
0.109125,-0.286327
0.109250,-0.793844
0.109375,-0.249808
0.109500,-0.404508
0.109625,-0.536856
0.109750,0.073005
0.109875,-0.328855
0.110000,-0.000000
0.110125,0.328855
0.110250,-0.073005
0.110375,0.536856
0.110500,0.404508
0.110625,0.249808
0.110750,0.793844
0.110875,0.286327
0.111000,0.475528
0.111125,0.638452
0.111250,0.053553
0.111375,0.473381
0.111500,0.154508
0.111625,-0.172902
0.111750,0.221783
0.111875,-0.403474
0.112000,-0.293893
0.112125,-0.168071
0.112250,-0.745503
0.112375,-0.274053
0.112500,-0.500000
0.112625,-0.698317
0.112750,-0.145503
0.112875,-0.592335
0.113000,-0.293893
0.113125,0.020790
0.113250,-0.378217
0.113375,0.251362
0.113500,0.154508
0.113625,0.049117
0.113750,0.653553
0.113875,0.214188
0.114000,0.475528
0.114125,0.710591
0.114250,0.193844
0.114375,0.674072
0.114500,0.404508
0.114625,0.112592
0.114750,0.526995
0.114875,-0.095409
0.115000,0.000000
0.115125,0.095409
0.115250,-0.526995
0.115375,-0.112592
0.115500,-0.404508
0.115625,-0.674072
0.115750,-0.193844
0.115875,-0.710591
0.116000,-0.475528
0.116125,-0.214188
0.116250,-0.653553
0.116375,-0.049117
0.116500,-0.154508
0.116625,-0.251362
0.116750,0.378217
0.116875,-0.020790
0.117000,0.293893
0.117125,0.592335
0.117250,0.145503
0.117375,0.698317
0.117500,0.500000
0.117625,0.274053
0.117750,0.745503
0.117875,0.168071
0.118000,0.293893
0.118125,0.403474
0.118250,-0.221783
0.118375,0.172902
0.118500,-0.154508
0.118625,-0.473381
0.118750,-0.053553
0.118875,-0.638452
0.119000,-0.475528
0.119125,-0.286327
0.119250,-0.793844
0.119375,-0.249808
0.119500,-0.404508
0.119625,-0.536856
0.119750,0.073005
0.119875,-0.328855
0.120000,-0.000000
0.120125,0.328855
0.120250,-0.073005
0.120375,0.536856
0.120500,0.404508
0.120625,0.249808
0.120750,0.793844
0.120875,0.286327
0.121000,0.475528
0.121125,0.638452
0.121250,0.053553
0.121375,0.473381
0.121500,0.154508
0.121625,-0.172902
0.121750,0.221783
0.121875,-0.403474
0.122000,-0.293893
0.122125,-0.168071
0.122250,-0.745503
0.122375,-0.274053
0.122500,-0.500000
0.122625,-0.698317
0.122750,-0.145503
0.122875,-0.592335
0.123000,-0.293893
0.123125,0.020790
0.123250,-0.378217
0.123375,0.251362
0.123500,0.154508
0.123625,0.049117
0.123750,0.653553
0.123875,0.214188
0.124000,0.475528
0.124125,0.710591
0.124250,0.193844
0.124375,0.674072
0.124500,0.404508
0.124625,0.112592
0.124750,0.526995
0.124875,-0.095409
0.125000,-0.000000
0.125125,0.095409
0.125250,-0.526995
0.125375,-0.112592
0.125500,-0.404508
0.125625,-0.674072
0.125750,-0.193844
0.125875,-0.710591
0.126000,-0.475528
0.126125,-0.214188
0.126250,-0.653553
0.126375,-0.049117
0.126500,-0.154508
0.126625,-0.251362
0.126750,0.378217
0.126875,-0.020790
0.127000,0.293893
0.127125,0.592335
0.127250,0.145503
0.127375,0.698317
0.127500,0.500000
0.127625,0.274053
0.127750,0.745503
0.127875,0.168071
0.128000,0.293893
0.128125,0.403474
0.128250,-0.221783
0.128375,0.172902
0.128500,-0.154508
0.128625,-0.473381
0.128750,-0.053553
0.128875,-0.638452
0.129000,-0.475528
0.129125,-0.286327
0.129250,-0.793844
0.129375,-0.249808
0.129500,-0.404508
0.129625,-0.536856
0.129750,0.073005
0.129875,-0.328855
0.130000,-0.000000
0.130125,0.328855
0.130250,-0.073005
0.130375,0.536856
0.130500,0.404508
0.130625,0.249808
0.130750,0.793844
0.130875,0.286327
0.131000,0.475528
0.131125,0.638452
0.131250,0.053553
0.131375,0.473381
0.131500,0.154508
0.131625,-0.172902
0.131750,0.221783
0.131875,-0.403474
0.132000,-0.293893
0.132125,-0.168071
0.132250,-0.745503
0.132375,-0.274053
0.132500,-0.500000
0.132625,-0.698317
0.132750,-0.145503
0.132875,-0.592335
0.133000,-0.293893
0.133125,0.020790
0.133250,-0.378217
0.133375,0.251362
0.133500,0.154508
0.133625,0.049117
0.133750,0.653553
0.133875,0.214188
0.134000,0.475528
0.134125,0.710591
0.134250,0.193844
0.134375,0.674072
0.134500,0.404508
0.134625,0.112592
0.134750,0.526995
0.134875,-0.095409
0.135000,0.000000
0.135125,0.095409
0.135250,-0.526995
0.135375,-0.112592
0.135500,-0.404508
0.135625,-0.674072
0.135750,-0.193844
0.135875,-0.710591
0.136000,-0.475528
0.136125,-0.214188
0.136250,-0.653553
0.136375,-0.049117
0.136500,-0.154508
0.136625,-0.251362
0.136750,0.378217
0.136875,-0.020790
0.137000,0.293893
0.137125,0.592335
0.137250,0.145503
0.137375,0.698317
0.137500,0.500000
0.137625,0.274053
0.137750,0.745503
0.137875,0.168071
0.138000,0.293893
0.138125,0.403474
0.138250,-0.221783
0.138375,0.172902
0.138500,-0.154508
0.138625,-0.473381
0.138750,-0.053553
0.138875,-0.638452
0.139000,-0.475528
0.139125,-0.286327
0.139250,-0.793844
0.139375,-0.249808
0.139500,-0.404508
0.139625,-0.536856
0.139750,0.073005
0.139875,-0.328855
0.140000,0.000000
0.140125,0.328855
0.140250,-0.073005
0.140375,0.536856
0.140500,0.404508
0.140625,0.249808
0.140750,0.793844
0.140875,0.286327
0.141000,0.475528
0.141125,0.638452
0.141250,0.053553
0.141375,0.473381
0.141500,0.154508
0.141625,-0.172902
0.141750,0.221783
0.141875,-0.403474
0.142000,-0.293893
0.142125,-0.168071
0.142250,-0.745503
0.142375,-0.274053
0.142500,-0.500000
0.142625,-0.698317
0.142750,-0.145503
0.142875,-0.592335
0.143000,-0.293893
0.143125,0.020790
0.143250,-0.378217
0.143375,0.251362
0.143500,0.154508
0.143625,0.049117
0.143750,0.653553
0.143875,0.214188
0.144000,0.475528
0.144125,0.710591
0.144250,0.193844
0.144375,0.674072
0.144500,0.404508
0.144625,0.112592
0.144750,0.526995
0.144875,-0.095409
0.145000,-0.000000
0.145125,0.095409
0.145250,-0.526995
0.145375,-0.112592
0.145500,-0.404508
0.145625,-0.674072
0.145750,-0.193844
0.145875,-0.710591
0.146000,-0.475528
0.146125,-0.214188
0.146250,-0.653553
0.146375,-0.049117
0.146500,-0.154508
0.146625,-0.251362
0.146750,0.378217
0.146875,-0.020790
0.147000,0.293893
0.147125,0.592335
0.147250,0.145503
0.147375,0.698317
0.147500,0.500000
0.147625,0.274053
0.147750,0.745503
0.147875,0.168071
0.148000,0.293893
0.148125,0.403474
0.148250,-0.221783
0.148375,0.172902
0.148500,-0.154508
0.148625,-0.473381
0.148750,-0.053553
0.148875,-0.638452
0.149000,-0.475528
0.149125,-0.286327
0.149250,-0.793844
0.149375,-0.249808
0.149500,-0.404508
0.149625,-0.536856
0.149750,0.073005
0.149875,-0.328855
0.150000,-0.000000
0.150125,0.328855
0.150250,-0.073005
0.150375,0.536856
0.150500,0.404508
0.150625,0.249808
0.150750,0.793844
0.150875,0.286327
0.151000,0.475528
0.151125,0.638452
0.151250,0.053553
0.151375,0.473381
0.151500,0.154508
0.151625,-0.172902
0.151750,0.221783
0.151875,-0.403474
0.152000,-0.293893
0.152125,-0.168071
0.152250,-0.745503
0.152375,-0.274053
0.152500,-0.500000
0.152625,-0.698317
0.152750,-0.145503
0.152875,-0.592335
0.153000,-0.293893
0.153125,0.020790
0.153250,-0.378217
0.153375,0.251362
0.153500,0.154508
0.153625,0.049117
0.153750,0.653553
0.153875,0.214188
0.154000,0.475528
0.154125,0.710591
0.154250,0.193844
0.154375,0.674072
0.154500,0.404508
0.154625,0.112592
0.154750,0.526995
0.154875,-0.095409
0.155000,-0.000000
0.155125,0.095409
0.155250,-0.526995
0.155375,-0.112592
0.155500,-0.404508
0.155625,-0.674072
0.155750,-0.193844
0.155875,-0.710591
0.156000,-0.475528
0.156125,-0.214188
0.156250,-0.653553
0.156375,-0.049117
0.156500,-0.154508
0.156625,-0.251362
0.156750,0.378217
0.156875,-0.020790
0.157000,0.293893
0.157125,0.592335
0.157250,0.145503
0.157375,0.698317
0.157500,0.500000
0.157625,0.274053
0.157750,0.745503
0.157875,0.168071
0.158000,0.293893
0.158125,0.403474
0.158250,-0.221783
0.158375,0.172902
0.158500,-0.154508
0.158625,-0.473381
0.158750,-0.053553
0.158875,-0.638452
0.159000,-0.475528
0.159125,-0.286327
0.159250,-0.793844
0.159375,-0.249808
0.159500,-0.404508
0.159625,-0.536856
0.159750,0.073005
0.159875,-0.328855
0.160000,0.000000
0.160125,0.328855
0.160250,-0.073005
0.160375,0.536856
0.160500,0.404508
0.160625,0.249808
0.160750,0.793844
0.160875,0.286327
0.161000,0.475528
0.161125,0.638452
0.161250,0.053553
0.161375,0.473381
0.161500,0.154508
0.161625,-0.172902
0.161750,0.221783
0.161875,-0.403474
0.162000,-0.293893
0.162125,-0.168071
0.162250,-0.745503
0.162375,-0.274053
0.162500,-0.500000
0.162625,-0.698317
0.162750,-0.145503
0.162875,-0.592335
0.163000,-0.293893
0.163125,0.020790
0.163250,-0.378217
0.163375,0.251362
0.163500,0.154508
0.163625,0.049117
0.163750,0.653553
0.163875,0.214188
0.164000,0.475528
0.164125,0.710591
0.164250,0.193844
0.164375,0.674072
0.164500,0.404508
0.164625,0.112592
0.164750,0.526995
0.164875,-0.095409
0.165000,-0.000000
0.165125,0.095409
0.165250,-0.526995
0.165375,-0.112592
0.165500,-0.404508
0.165625,-0.674072
0.165750,-0.193844
0.165875,-0.710591
0.166000,-0.475528
0.166125,-0.214188
0.166250,-0.653553
0.166375,-0.049117
0.166500,-0.154508
0.166625,-0.251362
0.166750,0.378217
0.166875,-0.020790
0.167000,0.293893
0.167125,0.592335
0.167250,0.145503
0.167375,0.698317
0.167500,0.500000
0.167625,0.274053
0.167750,0.745503
0.167875,0.168071
0.168000,0.293893
0.168125,0.403474
0.168250,-0.221783
0.168375,0.172902
0.168500,-0.154508
0.168625,-0.473381
0.168750,-0.053553
0.168875,-0.638452
0.169000,-0.475528
0.169125,-0.286327
0.169250,-0.793844
0.169375,-0.249808
0.169500,-0.404508
0.169625,-0.536856
0.169750,0.073005
0.169875,-0.328855
0.170000,-0.000000
0.170125,0.328855
0.170250,-0.073005
0.170375,0.536856
0.170500,0.404508
0.170625,0.249808
0.170750,0.793844
0.170875,0.286327
0.171000,0.475528
0.171125,0.638452
0.171250,0.053553
0.171375,0.473381
0.171500,0.154508
0.171625,-0.172902
0.171750,0.221783
0.171875,-0.403474
0.172000,-0.293893
0.172125,-0.168071
0.172250,-0.745503
0.172375,-0.274053
0.172500,-0.500000
0.172625,-0.698317
0.172750,-0.145503
0.172875,-0.592335
0.173000,-0.293893
0.173125,0.020790
0.173250,-0.378217
0.173375,0.251362
0.173500,0.154508
0.173625,0.049117
0.173750,0.653553
0.173875,0.214188
0.174000,0.475528
0.174125,0.710591
0.174250,0.193844
0.174375,0.674072
0.174500,0.404508
0.174625,0.112592
0.174750,0.526995
0.174875,-0.095409
0.175000,-0.000000
0.175125,0.095409
0.175250,-0.526995
0.175375,-0.112592
0.175500,-0.404508
0.175625,-0.674072
0.175750,-0.193844
0.175875,-0.710591
0.176000,-0.475528
0.176125,-0.214188
0.176250,-0.653553
0.176375,-0.049117
0.176500,-0.154508
0.176625,-0.251362
0.176750,0.378217
0.176875,-0.020790
0.177000,0.293893
0.177125,0.592335
0.177250,0.145503
0.177375,0.698317
0.177500,0.500000
0.177625,0.274053
0.177750,0.745503
0.177875,0.168071
0.178000,0.293893
0.178125,0.403474
0.178250,-0.221783
0.178375,0.172902
0.178500,-0.154508
0.178625,-0.473381
0.178750,-0.053553
0.178875,-0.638452
0.179000,-0.475528
0.179125,-0.286327
0.179250,-0.793844
0.179375,-0.249808
0.179500,-0.404508
0.179625,-0.536856
0.179750,0.073005
0.179875,-0.328855
0.180000,-0.000000
0.180125,0.328855
0.180250,-0.073005
0.180375,0.536856
0.180500,0.404508
0.180625,0.249808
0.180750,0.793844
0.180875,0.286327
0.181000,0.475528
0.181125,0.638452
0.181250,0.053553
0.181375,0.473381
0.181500,0.154508
0.181625,-0.172902
0.181750,0.221783
0.181875,-0.403474
0.182000,-0.293893
0.182125,-0.168071
0.182250,-0.745503
0.182375,-0.274053
0.182500,-0.500000
0.182625,-0.698317
0.182750,-0.145503
0.182875,-0.592335
0.183000,-0.293893
0.183125,0.020790
0.183250,-0.378217
0.183375,0.251362
0.183500,0.154508
0.183625,0.049117
0.183750,0.653553
0.183875,0.214188
0.184000,0.475528
0.184125,0.710591
0.184250,0.193844
0.184375,0.674072
0.184500,0.404508
0.184625,0.112592
0.184750,0.526995
0.184875,-0.095409
0.185000,-0.000000
0.185125,0.095409
0.185250,-0.526995
0.185375,-0.112592
0.185500,-0.404508
0.185625,-0.674072
0.185750,-0.193844
0.185875,-0.710591
0.186000,-0.475528
0.186125,-0.214188
0.186250,-0.653553
0.186375,-0.049117
0.186500,-0.154508
0.186625,-0.251362
0.186750,0.378217
0.186875,-0.020790
0.187000,0.293893
0.187125,0.592335
0.187250,0.145503
0.187375,0.698317
0.187500,0.500000
0.187625,0.274053
0.187750,0.745503
0.187875,0.168071
0.188000,0.293893
0.188125,0.403474
0.188250,-0.221783
0.188375,0.172902
0.188500,-0.154508
0.188625,-0.473381
0.188750,-0.053553
0.188875,-0.638452
0.189000,-0.475528
0.189125,-0.286327
0.189250,-0.793844
0.189375,-0.249808
0.189500,-0.404508
0.189625,-0.536856
0.189750,0.073005
0.189875,-0.328855
0.190000,-0.000000
0.190125,0.328855
0.190250,-0.073005
0.190375,0.536856
0.190500,0.404508
0.190625,0.249808
0.190750,0.793844
0.190875,0.286327
0.191000,0.475528
0.191125,0.638452
0.191250,0.053553
0.191375,0.473381
0.191500,0.154508
0.191625,-0.172902
0.191750,0.221783
0.191875,-0.403474
0.192000,-0.293893
0.192125,-0.168071
0.192250,-0.745503
0.192375,-0.274053
0.192500,-0.500000
0.192625,-0.698317
0.192750,-0.145503
0.192875,-0.592335
0.193000,-0.293893
0.193125,0.020790
0.193250,-0.378217
0.193375,0.251362
0.193500,0.154508
0.193625,0.049117
0.193750,0.653553
0.193875,0.214188
0.194000,0.475528
0.194125,0.710591
0.194250,0.193844
0.194375,0.674072
0.194500,0.404508
0.194625,0.112592
0.194750,0.526995
0.194875,-0.095409
0.195000,-0.000000
0.195125,0.095409
0.195250,-0.526995
0.195375,-0.112592
0.195500,-0.404508
0.195625,-0.674072
0.195750,-0.193844
0.195875,-0.710591
0.196000,-0.475528
0.196125,-0.214188
0.196250,-0.653553
0.196375,-0.049117
0.196500,-0.154508
0.196625,-0.251362
0.196750,0.378217
0.196875,-0.020790
0.197000,0.293893
0.197125,0.592335
0.197250,0.145503
0.197375,0.698317
0.197500,0.500000
0.197625,0.274053
0.197750,0.745503
0.197875,0.168071
0.198000,0.293893
0.198125,0.403474
0.198250,-0.221783
0.198375,0.172902
0.198500,-0.154508
0.198625,-0.473381
0.198750,-0.053553
0.198875,-0.638452
0.199000,-0.475528
0.199125,-0.286327
0.199250,-0.793844
0.199375,-0.249808
0.199500,-0.404508
0.199625,-0.536856
0.199750,0.073005
0.199875,-0.328855
0.200000,-0.000000
0.200125,0.328855
0.200250,-0.073005
0.200375,0.536856
0.200500,0.404508
0.200625,0.249808
0.200750,0.793844
0.200875,0.286327
0.201000,0.475528
0.201125,0.638452
0.201250,0.053553
0.201375,0.473381
0.201500,0.154508
0.201625,-0.172902
0.201750,0.221783
0.201875,-0.403474
0.202000,-0.293893
0.202125,-0.168071
0.202250,-0.745503
0.202375,-0.274053
0.202500,-0.500000
0.202625,-0.698317
0.202750,-0.145503
0.202875,-0.592335
0.203000,-0.293893
0.203125,0.020790
0.203250,-0.378217
0.203375,0.251362
0.203500,0.154508
0.203625,0.049117
0.203750,0.653553
0.203875,0.214188
0.204000,0.475528
0.204125,0.710591
0.204250,0.193844
0.204375,0.674072
0.204500,0.404508
0.204625,0.112592
0.204750,0.526995
0.204875,-0.095409
0.205000,-0.000000
0.205125,0.095409
0.205250,-0.526995
0.205375,-0.112592
0.205500,-0.404508
0.205625,-0.674072
0.205750,-0.193844
0.205875,-0.710591
0.206000,-0.475528
0.206125,-0.214188
0.206250,-0.653553
0.206375,-0.049117
0.206500,-0.154508
0.206625,-0.251362
0.206750,0.378217
0.206875,-0.020790
0.207000,0.293893
0.207125,0.592335
0.207250,0.145503
0.207375,0.698317
0.207500,0.500000
0.207625,0.274053
0.207750,0.745503
0.207875,0.168071
0.208000,0.293893
0.208125,0.403474
0.208250,-0.221783
0.208375,0.172902
0.208500,-0.154508
0.208625,-0.473381
0.208750,-0.053553
0.208875,-0.638452
0.209000,-0.475528
0.209125,-0.286327
0.209250,-0.793844
0.209375,-0.249808
0.209500,-0.404508
0.209625,-0.536856
0.209750,0.073005
0.209875,-0.328855
0.210000,-0.000000
0.210125,0.328855
0.210250,-0.073005
0.210375,0.536856
0.210500,0.404508
0.210625,0.249808
0.210750,0.793844
0.210875,0.286327
0.211000,0.475528
0.211125,0.638452
0.211250,0.053553
0.211375,0.473381
0.211500,0.154508
0.211625,-0.172902
0.211750,0.221783
0.211875,-0.403474
0.212000,-0.293893
0.212125,-0.168071
0.212250,-0.745503
0.212375,-0.274053
0.212500,-0.500000
0.212625,-0.698317
0.212750,-0.145503
0.212875,-0.592335
0.213000,-0.293893
0.213125,0.020790
0.213250,-0.378217
0.213375,0.251362
0.213500,0.154508
0.213625,0.049117
0.213750,0.653553
0.213875,0.214188
0.214000,0.475528
0.214125,0.710591
0.214250,0.193844
0.214375,0.674072
0.214500,0.404508
0.214625,0.112592
0.214750,0.526995
0.214875,-0.095409
0.215000,-0.000000
0.215125,0.095409
0.215250,-0.526995
0.215375,-0.112592
0.215500,-0.404508
0.215625,-0.674072
0.215750,-0.193844
0.215875,-0.710591
0.216000,-0.475528
0.216125,-0.214188
0.216250,-0.653553
0.216375,-0.049117
0.216500,-0.154508
0.216625,-0.251362
0.216750,0.378217
0.216875,-0.020790
0.217000,0.293893
0.217125,0.592335
0.217250,0.145503
0.217375,0.698317
0.217500,0.500000
0.217625,0.274053
0.217750,0.745503
0.217875,0.168071
0.218000,0.293893
0.218125,0.403474
0.218250,-0.221783
0.218375,0.172902
0.218500,-0.154508
0.218625,-0.473381
0.218750,-0.053553
0.218875,-0.638452
0.219000,-0.475528
0.219125,-0.286327
0.219250,-0.793844
0.219375,-0.249808
0.219500,-0.404508
0.219625,-0.536856
0.219750,0.073005
0.219875,-0.328855
0.220000,-0.000000
0.220125,0.328855
0.220250,-0.073005
0.220375,0.536856
0.220500,0.404508
0.220625,0.249808
0.220750,0.793844
0.220875,0.286327
0.221000,0.475528
0.221125,0.638452
0.221250,0.053553
0.221375,0.473381
0.221500,0.154508
0.221625,-0.172902
0.221750,0.221783
0.221875,-0.403474
0.222000,-0.293893
0.222125,-0.168071
0.222250,-0.745503
0.222375,-0.274053
0.222500,-0.500000
0.222625,-0.698317
0.222750,-0.145503
0.222875,-0.592335
0.223000,-0.293893
0.223125,0.020790
0.223250,-0.378217
0.223375,0.251362
0.223500,0.154508
0.223625,0.049117
0.223750,0.653553
0.223875,0.214188
0.224000,0.475528
0.224125,0.710591
0.224250,0.193844
0.224375,0.674072
0.224500,0.404508
0.224625,0.112592
0.224750,0.526995
0.224875,-0.095409
0.225000,0.000000
0.225125,0.095409
0.225250,-0.526995
0.225375,-0.112592
0.225500,-0.404508
0.225625,-0.674072
0.225750,-0.193844
0.225875,-0.710591
0.226000,-0.475528
0.226125,-0.214188
0.226250,-0.653553
0.226375,-0.049117
0.226500,-0.154508
0.226625,-0.251362
0.226750,0.378217
0.226875,-0.020790
0.227000,0.293893
0.227125,0.592335
0.227250,0.145503
0.227375,0.698317
0.227500,0.500000
0.227625,0.274053
0.227750,0.745503
0.227875,0.168071
0.228000,0.293893
0.228125,0.403474
0.228250,-0.221783
0.228375,0.172902
0.228500,-0.154508
0.228625,-0.473381
0.228750,-0.053553
0.228875,-0.638452
0.229000,-0.475528
0.229125,-0.286327
0.229250,-0.793844
0.229375,-0.249808
0.229500,-0.404508
0.229625,-0.536856
0.229750,0.073005
0.229875,-0.328855
0.230000,0.000000
0.230125,0.328855
0.230250,-0.073005
0.230375,0.536856
0.230500,0.404508
0.230625,0.249808
0.230750,0.793844
0.230875,0.286327
0.231000,0.475528
0.231125,0.638452
0.231250,0.053553
0.231375,0.473381
0.231500,0.154508
0.231625,-0.172902
0.231750,0.221783
0.231875,-0.403474
0.232000,-0.293893
0.232125,-0.168071
0.232250,-0.745503
0.232375,-0.274053
0.232500,-0.500000
0.232625,-0.698317
0.232750,-0.145503
0.232875,-0.592335
0.233000,-0.293893
0.233125,0.020790
0.233250,-0.378217
0.233375,0.251362
0.233500,0.154508
0.233625,0.049117
0.233750,0.653553
0.233875,0.214188
0.234000,0.475528
0.234125,0.710591
0.234250,0.193844
0.234375,0.674072
0.234500,0.404508
0.234625,0.112592
0.234750,0.526995
0.234875,-0.095409
0.235000,-0.000000
0.235125,0.095409
0.235250,-0.526995
0.235375,-0.112592
0.235500,-0.404508
0.235625,-0.674072
0.235750,-0.193844
0.235875,-0.710591
0.236000,-0.475528
0.236125,-0.214188
0.236250,-0.653553
0.236375,-0.049117
0.236500,-0.154508
0.236625,-0.251362
0.236750,0.378217
0.236875,-0.020790
0.237000,0.293893
0.237125,0.592335
0.237250,0.145503
0.237375,0.698317
0.237500,0.500000
0.237625,0.274053
0.237750,0.745503
0.237875,0.168071
0.238000,0.293893
0.238125,0.403474
0.238250,-0.221783
0.238375,0.172902
0.238500,-0.154508
0.238625,-0.473381
0.238750,-0.053553
0.238875,-0.638452
0.239000,-0.475528
0.239125,-0.286327
0.239250,-0.793844
0.239375,-0.249808
0.239500,-0.404508
0.239625,-0.536856
0.239750,0.073005
0.239875,-0.328855
0.240000,-0.000000
0.240125,0.328855
0.240250,-0.073005
0.240375,0.536856
0.240500,0.404508
0.240625,0.249808
0.240750,0.793844
0.240875,0.286327
0.241000,0.475528
0.241125,0.638452
0.241250,0.053553
0.241375,0.473381
0.241500,0.154508
0.241625,-0.172902
0.241750,0.221783
0.241875,-0.403474
0.242000,-0.293893
0.242125,-0.168071
0.242250,-0.745503
0.242375,-0.274053
0.242500,-0.500000
0.242625,-0.698317
0.242750,-0.145503
0.242875,-0.592335
0.243000,-0.293893
0.243125,0.020790
0.243250,-0.378217
0.243375,0.251362
0.243500,0.154508
0.243625,0.049117
0.243750,0.653553
0.243875,0.214188
0.244000,0.475528
0.244125,0.710591
0.244250,0.193844
0.244375,0.674072
0.244500,0.404508
0.244625,0.112592
0.244750,0.526995
0.244875,-0.095409
0.245000,-0.000000
0.245125,0.095409
0.245250,-0.526995
0.245375,-0.112592
0.245500,-0.404508
0.245625,-0.674072
0.245750,-0.193844
0.245875,-0.710591
0.246000,-0.475528
0.246125,-0.214188
0.246250,-0.653553
0.246375,-0.049117
0.246500,-0.154508
0.246625,-0.251362
0.246750,0.378217
0.246875,-0.020790
0.247000,0.293893
0.247125,0.592335
0.247250,0.145503
0.247375,0.698317
0.247500,0.500000
0.247625,0.274053
0.247750,0.745503
0.247875,0.168071
0.248000,0.293893
0.248125,0.403474
0.248250,-0.221783
0.248375,0.172902
0.248500,-0.154508
0.248625,-0.473381
0.248750,-0.053553
0.248875,-0.638452
0.249000,-0.475528
0.249125,-0.286327
0.249250,-0.793844
0.249375,-0.249808
0.249500,-0.404508
0.249625,-0.536856
0.249750,0.073005
0.249875,-0.328855
0.250000,-0.000000
0.250125,0.328855
0.250250,-0.073005
0.250375,0.536856
0.250500,0.404508
0.250625,0.249808
0.250750,0.793844
0.250875,0.286327
0.251000,0.475528
0.251125,0.638452
0.251250,0.053553
0.251375,0.473381
0.251500,0.154508
0.251625,-0.172902
0.251750,0.221783
0.251875,-0.403474
0.252000,-0.293893
0.252125,-0.168071
0.252250,-0.745503
0.252375,-0.274053
0.252500,-0.500000
0.252625,-0.698317
0.252750,-0.145503
0.252875,-0.592335
0.253000,-0.293893
0.253125,0.020790
0.253250,-0.378217
0.253375,0.251362
0.253500,0.154508
0.253625,0.049117
0.253750,0.653553
0.253875,0.214188
0.254000,0.475528
0.254125,0.710591
0.254250,0.193844
0.254375,0.674072
0.254500,0.404508
0.254625,0.112592
0.254750,0.526995
0.254875,-0.095409
0.255000,-0.000000
0.255125,0.095409
0.255250,-0.526995
0.255375,-0.112592
0.255500,-0.404508
0.255625,-0.674072
0.255750,-0.193844
0.255875,-0.710591
0.256000,-0.475528
0.256125,-0.214188
0.256250,-0.653553
0.256375,-0.049117
0.256500,-0.154508
0.256625,-0.251362
0.256750,0.378217
0.256875,-0.020790
0.257000,0.293893
0.257125,0.592335
0.257250,0.145503
0.257375,0.698317
0.257500,0.500000
0.257625,0.274053
0.257750,0.745503
0.257875,0.168071
0.258000,0.293893
0.258125,0.403474
0.258250,-0.221783
0.258375,0.172902
0.258500,-0.154508
0.258625,-0.473381
0.258750,-0.053553
0.258875,-0.638452
0.259000,-0.475528
0.259125,-0.286327
0.259250,-0.793844
0.259375,-0.249808
0.259500,-0.404508
0.259625,-0.536856
0.259750,0.073005
0.259875,-0.328855
0.260000,-0.000000
0.260125,0.328855
0.260250,-0.073005
0.260375,0.536856
0.260500,0.404508
0.260625,0.249808
0.260750,0.793844
0.260875,0.286327
0.261000,0.475528
0.261125,0.638452
0.261250,0.053553
0.261375,0.473381
0.261500,0.154508
0.261625,-0.172902
0.261750,0.221783
0.261875,-0.403474
0.262000,-0.293893
0.262125,-0.168071
0.262250,-0.745503
0.262375,-0.274053
0.262500,-0.500000
0.262625,-0.698317
0.262750,-0.145503
0.262875,-0.592335
0.263000,-0.293893
0.263125,0.020790
0.263250,-0.378217
0.263375,0.251362
0.263500,0.154508
0.263625,0.049117
0.263750,0.653553
0.263875,0.214188
0.264000,0.475528
0.264125,0.710591
0.264250,0.193844
0.264375,0.674072
0.264500,0.404508
0.264625,0.112592
0.264750,0.526995
0.264875,-0.095409
0.265000,0.000000
0.265125,0.095409
0.265250,-0.526995
0.265375,-0.112592
0.265500,-0.404508
0.265625,-0.674072
0.265750,-0.193844
0.265875,-0.710591
0.266000,-0.475528
0.266125,-0.214188
0.266250,-0.653553
0.266375,-0.049117
0.266500,-0.154508
0.266625,-0.251362
0.266750,0.378217
0.266875,-0.020790
0.267000,0.293893
0.267125,0.592335
0.267250,0.145503
0.267375,0.698317
0.267500,0.500000
0.267625,0.274053
0.267750,0.745503
0.267875,0.168071
0.268000,0.293893
0.268125,0.403474
0.268250,-0.221783
0.268375,0.172902
0.268500,-0.154508
0.268625,-0.473381
0.268750,-0.053553
0.268875,-0.638452
0.269000,-0.475528
0.269125,-0.286327
0.269250,-0.793844
0.269375,-0.249808
0.269500,-0.404508
0.269625,-0.536856
0.269750,0.073005
0.269875,-0.328855
0.270000,0.000000
0.270125,0.328855
0.270250,-0.073005
0.270375,0.536856
0.270500,0.404508
0.270625,0.249808
0.270750,0.793844
0.270875,0.286327
0.271000,0.475528
0.271125,0.638452
0.271250,0.053553
0.271375,0.473381
0.271500,0.154508
0.271625,-0.172902
0.271750,0.221783
0.271875,-0.403474
0.272000,-0.293893
0.272125,-0.168071
0.272250,-0.745503
0.272375,-0.274053
0.272500,-0.500000
0.272625,-0.698317
0.272750,-0.145503
0.272875,-0.592335
0.273000,-0.293893
0.273125,0.020790
0.273250,-0.378217
0.273375,0.251362
0.273500,0.154508
0.273625,0.049117
0.273750,0.653553
0.273875,0.214188
0.274000,0.475528
0.274125,0.710591
0.274250,0.193844
0.274375,0.674072
0.274500,0.404508
0.274625,0.112592
0.274750,0.526995
0.274875,-0.095409
0.275000,0.000000
0.275125,0.095409
0.275250,-0.526995
0.275375,-0.112592
0.275500,-0.404508
0.275625,-0.674072
0.275750,-0.193844
0.275875,-0.710591
0.276000,-0.475528
0.276125,-0.214188
0.276250,-0.653553
0.276375,-0.049117
0.276500,-0.154508
0.276625,-0.251362
0.276750,0.378217
0.276875,-0.020790
0.277000,0.293893
0.277125,0.592335
0.277250,0.145503
0.277375,0.698317
0.277500,0.500000
0.277625,0.274053
0.277750,0.745503
0.277875,0.168071
0.278000,0.293893
0.278125,0.403474
0.278250,-0.221783
0.278375,0.172902
0.278500,-0.154508
0.278625,-0.473381
0.278750,-0.053553
0.278875,-0.638452
0.279000,-0.475528
0.279125,-0.286327
0.279250,-0.793844
0.279375,-0.249808
0.279500,-0.404508
0.279625,-0.536856
0.279750,0.073005
0.279875,-0.328855
0.280000,0.000000
0.280125,0.328855
0.280250,-0.073005
0.280375,0.536856
0.280500,0.404508
0.280625,0.249808
0.280750,0.793844
0.280875,0.286327
0.281000,0.475528
0.281125,0.638452
0.281250,0.053553
0.281375,0.473381
0.281500,0.154508
0.281625,-0.172902
0.281750,0.221783
0.281875,-0.403474
0.282000,-0.293893
0.282125,-0.168071
0.282250,-0.745503
0.282375,-0.274053
0.282500,-0.500000
0.282625,-0.698317
0.282750,-0.145503
0.282875,-0.592335
0.283000,-0.293893
0.283125,0.020790
0.283250,-0.378217
0.283375,0.251362
0.283500,0.154508
0.283625,0.049117
0.283750,0.653553
0.283875,0.214188
0.284000,0.475528
0.284125,0.710591
0.284250,0.193844
0.284375,0.674072
0.284500,0.404508
0.284625,0.112592
0.284750,0.526995
0.284875,-0.095409
0.285000,-0.000000
0.285125,0.095409
0.285250,-0.526995
0.285375,-0.112592
0.285500,-0.404508
0.285625,-0.674072
0.285750,-0.193844
0.285875,-0.710591
0.286000,-0.475528
0.286125,-0.214188
0.286250,-0.653553
0.286375,-0.049117
0.286500,-0.154508
0.286625,-0.251362
0.286750,0.378217
0.286875,-0.020790
0.287000,0.293893
0.287125,0.592335
0.287250,0.145503
0.287375,0.698317
0.287500,0.500000
0.287625,0.274053
0.287750,0.745503
0.287875,0.168071
0.288000,0.293893
0.288125,0.403474
0.288250,-0.221783
0.288375,0.172902
0.288500,-0.154508
0.288625,-0.473381
0.288750,-0.053553
0.288875,-0.638452
0.289000,-0.475528
0.289125,-0.286327
0.289250,-0.793844
0.289375,-0.249808
0.289500,-0.404508
0.289625,-0.536856
0.289750,0.073005
0.289875,-0.328855
0.290000,-0.000000
0.290125,0.328855
0.290250,-0.073005
0.290375,0.536856
0.290500,0.404508
0.290625,0.249808
0.290750,0.793844
0.290875,0.286327
0.291000,0.475528
0.291125,0.638452
0.291250,0.053553
0.291375,0.473381
0.291500,0.154508
0.291625,-0.172902
0.291750,0.221783
0.291875,-0.403474
0.292000,-0.293893
0.292125,-0.168071
0.292250,-0.745503
0.292375,-0.274053
0.292500,-0.500000
0.292625,-0.698317
0.292750,-0.145503
0.292875,-0.592335
0.293000,-0.293893
0.293125,0.020790
0.293250,-0.378217
0.293375,0.251362
0.293500,0.154508
0.293625,0.049117
0.293750,0.653553
0.293875,0.214188
0.294000,0.475528
0.294125,0.710591
0.294250,0.193844
0.294375,0.674072
0.294500,0.404508
0.294625,0.112592
0.294750,0.526995
0.294875,-0.095409
0.295000,-0.000000
0.295125,0.095409
0.295250,-0.526995
0.295375,-0.112592
0.295500,-0.404508
0.295625,-0.674072
0.295750,-0.193844
0.295875,-0.710591
0.296000,-0.475528
0.296125,-0.214188
0.296250,-0.653553
0.296375,-0.049117
0.296500,-0.154508
0.296625,-0.251362
0.296750,0.378217
0.296875,-0.020790
0.297000,0.293893
0.297125,0.592335
0.297250,0.145503
0.297375,0.698317
0.297500,0.500000
0.297625,0.274053
0.297750,0.745503
0.297875,0.168071
0.298000,0.293893
0.298125,0.403474
0.298250,-0.221783
0.298375,0.172902
0.298500,-0.154508
0.298625,-0.473381
0.298750,-0.053553
0.298875,-0.638452
0.299000,-0.475528
0.299125,-0.286327
0.299250,-0.793844
0.299375,-0.249808
0.299500,-0.404508
0.299625,-0.536856
0.299750,0.073005
0.299875,-0.328855
0.300000,-0.000000
0.300125,0.328855
0.300250,-0.073005
0.300375,0.536856
0.300500,0.404508
0.300625,0.249808
0.300750,0.793844
0.300875,0.286327
0.301000,0.475528
0.301125,0.638452
0.301250,0.053553
0.301375,0.473381
0.301500,0.154508
0.301625,-0.172902
0.301750,0.221783
0.301875,-0.403474
0.302000,-0.293893
0.302125,-0.168071
0.302250,-0.745503
0.302375,-0.274053
0.302500,-0.500000
0.302625,-0.698317
0.302750,-0.145503
0.302875,-0.592335
0.303000,-0.293893
0.303125,0.020790
0.303250,-0.378217
0.303375,0.251362
0.303500,0.154508
0.303625,0.049117
0.303750,0.653553
0.303875,0.214188
0.304000,0.475528
0.304125,0.710591
0.304250,0.193844
0.304375,0.674072
0.304500,0.404508
0.304625,0.112592
0.304750,0.526995
0.304875,-0.095409
0.305000,-0.000000
0.305125,0.095409
0.305250,-0.526995
0.305375,-0.112592
0.305500,-0.404508
0.305625,-0.674072
0.305750,-0.193844
0.305875,-0.710591
0.306000,-0.475528
0.306125,-0.214188
0.306250,-0.653553
0.306375,-0.049117
0.306500,-0.154508
0.306625,-0.251362
0.306750,0.378217
0.306875,-0.020790
0.307000,0.293893
0.307125,0.592335
0.307250,0.145503
0.307375,0.698317
0.307500,0.500000
0.307625,0.274053
0.307750,0.745503
0.307875,0.168071
0.308000,0.293893
0.308125,0.403474
0.308250,-0.221783
0.308375,0.172902
0.308500,-0.154508
0.308625,-0.473381
0.308750,-0.053553
0.308875,-0.638452
0.309000,-0.475528
0.309125,-0.286327
0.309250,-0.793844
0.309375,-0.249808
0.309500,-0.404508
0.309625,-0.536856
0.309750,0.073005
0.309875,-0.328855
0.310000,-0.000000
0.310125,0.328855
0.310250,-0.073005
0.310375,0.536856
0.310500,0.404508
0.310625,0.249808
0.310750,0.793844
0.310875,0.286327
0.311000,0.475528
0.311125,0.638452
0.311250,0.053553
0.311375,0.473381
0.311500,0.154508
0.311625,-0.172902
0.311750,0.221783
0.311875,-0.403474
0.312000,-0.293893
0.312125,-0.168071
0.312250,-0.745503
0.312375,-0.274053
0.312500,-0.500000
0.312625,-0.698317
0.312750,-0.145503
0.312875,-0.592335
0.313000,-0.293893
0.313125,0.020790
0.313250,-0.378217
0.313375,0.251362
0.313500,0.154508
0.313625,0.049117
0.313750,0.653553
0.313875,0.214188
0.314000,0.475528
0.314125,0.710591
0.314250,0.193844
0.314375,0.674072
0.314500,0.404508
0.314625,0.112592
0.314750,0.526995
0.314875,-0.095409
0.315000,-0.000000
0.315125,0.095409
0.315250,-0.526995
0.315375,-0.112592
0.315500,-0.404508
0.315625,-0.674072
0.315750,-0.193844
0.315875,-0.710591
0.316000,-0.475528
0.316125,-0.214188
0.316250,-0.653553
0.316375,-0.049117
0.316500,-0.154508
0.316625,-0.251362
0.316750,0.378217
0.316875,-0.020790
0.317000,0.293893
0.317125,0.592335
0.317250,0.145503
0.317375,0.698317
0.317500,0.500000
0.317625,0.274053
0.317750,0.745503
0.317875,0.168071
0.318000,0.293893
0.318125,0.403474
0.318250,-0.221783
0.318375,0.172902
0.318500,-0.154508
0.318625,-0.473381
0.318750,-0.053553
0.318875,-0.638452
0.319000,-0.475528
0.319125,-0.286327
0.319250,-0.793844
0.319375,-0.249808
0.319500,-0.404508
0.319625,-0.536856
0.319750,0.073005
0.319875,-0.328855
0.320000,0.000000
0.320125,0.328855
0.320250,-0.073005
0.320375,0.536856
0.320500,0.404508
0.320625,0.249808
0.320750,0.793844
0.320875,0.286327
0.321000,0.475528
0.321125,0.638452
0.321250,0.053553
0.321375,0.473381
0.321500,0.154508
0.321625,-0.172902
0.321750,0.221783
0.321875,-0.403474
0.322000,-0.293893
0.322125,-0.168071
0.322250,-0.745503
0.322375,-0.274053
0.322500,-0.500000
0.322625,-0.698317
0.322750,-0.145503
0.322875,-0.592335
0.323000,-0.293893
0.323125,0.020790
0.323250,-0.378217
0.323375,0.251362
0.323500,0.154508
0.323625,0.049117
0.323750,0.653553
0.323875,0.214188
0.324000,0.475528
0.324125,0.710591
0.324250,0.193844
0.324375,0.674072
0.324500,0.404508
0.324625,0.112592
0.324750,0.526995
0.324875,-0.095409
0.325000,0.000000
0.325125,0.095409
0.325250,-0.526995
0.325375,-0.112592
0.325500,-0.404508
0.325625,-0.674072
0.325750,-0.193844
0.325875,-0.710591
0.326000,-0.475528
0.326125,-0.214188
0.326250,-0.653553
0.326375,-0.049117
0.326500,-0.154508
0.326625,-0.251362
0.326750,0.378217
0.326875,-0.020790
0.327000,0.293893
0.327125,0.592335
0.327250,0.145503
0.327375,0.698317
0.327500,0.500000
0.327625,0.274053
0.327750,0.745503
0.327875,0.168071
0.328000,0.293893
0.328125,0.403474
0.328250,-0.221783
0.328375,0.172902
0.328500,-0.154508
0.328625,-0.473381
0.328750,-0.053553
0.328875,-0.638452
0.329000,-0.475528
0.329125,-0.286327
0.329250,-0.793844
0.329375,-0.249808
0.329500,-0.404508
0.329625,-0.536856
0.329750,0.073005
0.329875,-0.328855
0.330000,0.000000
0.330125,0.328855
0.330250,-0.073005
0.330375,0.536856
0.330500,0.404508
0.330625,0.249808
0.330750,0.793844
0.330875,0.286327
0.331000,0.475528
0.331125,0.638452
0.331250,0.053553
0.331375,0.473381
0.331500,0.154508
0.331625,-0.172902
0.331750,0.221783
0.331875,-0.403474
0.332000,-0.293893
0.332125,-0.168071
0.332250,-0.745503
0.332375,-0.274053
0.332500,-0.500000
0.332625,-0.698317
0.332750,-0.145503
0.332875,-0.592335
0.333000,-0.293893
0.333125,0.020790
0.333250,-0.378217
0.333375,0.251362
0.333500,0.154508
0.333625,0.049117
0.333750,0.653553
0.333875,0.214188
0.334000,0.475528
0.334125,0.710591
0.334250,0.193844
0.334375,0.674072
0.334500,0.404508
0.334625,0.112592
0.334750,0.526995
0.334875,-0.095409
0.335000,-0.000000
0.335125,0.095409
0.335250,-0.526995
0.335375,-0.112592
0.335500,-0.404508
0.335625,-0.674072
0.335750,-0.193844
0.335875,-0.710591
0.336000,-0.475528
0.336125,-0.214188
0.336250,-0.653553
0.336375,-0.049117
0.336500,-0.154508
0.336625,-0.251362
0.336750,0.378217
0.336875,-0.020790
0.337000,0.293893
0.337125,0.592335
0.337250,0.145503
0.337375,0.698317
0.337500,0.500000
0.337625,0.274053
0.337750,0.745503
0.337875,0.168071
0.338000,0.293893
0.338125,0.403474
0.338250,-0.221783
0.338375,0.172902
0.338500,-0.154508
0.338625,-0.473381
0.338750,-0.053553
0.338875,-0.638452
0.339000,-0.475528
0.339125,-0.286327
0.339250,-0.793844
0.339375,-0.249808
0.339500,-0.404508
0.339625,-0.536856
0.339750,0.073005
0.339875,-0.328855
0.340000,-0.000000
0.340125,0.328855
0.340250,-0.073005
0.340375,0.536856
0.340500,0.404508
0.340625,0.249808
0.340750,0.793844
0.340875,0.286327
0.341000,0.475528
0.341125,0.638452
0.341250,0.053553
0.341375,0.473381
0.341500,0.154508
0.341625,-0.172902
0.341750,0.221783
0.341875,-0.403474
0.342000,-0.293893
0.342125,-0.168071
0.342250,-0.745503
0.342375,-0.274053
0.342500,-0.500000
0.342625,-0.698317
0.342750,-0.145503
0.342875,-0.592335
0.343000,-0.293893
0.343125,0.020790
0.343250,-0.378217
0.343375,0.251362
0.343500,0.154508
0.343625,0.049117
0.343750,0.653553
0.343875,0.214188
0.344000,0.475528
0.344125,0.710591
0.344250,0.193844
0.344375,0.674072
0.344500,0.404508
0.344625,0.112592
0.344750,0.526995
0.344875,-0.095409
0.345000,-0.000000
0.345125,0.095409
0.345250,-0.526995
0.345375,-0.112592
0.345500,-0.404508
0.345625,-0.674072
0.345750,-0.193844
0.345875,-0.710591
0.346000,-0.475528
0.346125,-0.214188
0.346250,-0.653553
0.346375,-0.049117
0.346500,-0.154508
0.346625,-0.251362
0.346750,0.378217
0.346875,-0.020790
0.347000,0.293893
0.347125,0.592335
0.347250,0.145503
0.347375,0.698317
0.347500,0.500000
0.347625,0.274053
0.347750,0.745503
0.347875,0.168071
0.348000,0.293893
0.348125,0.403474
0.348250,-0.221783
0.348375,0.172902
0.348500,-0.154508
0.348625,-0.473381
0.348750,-0.053553
0.348875,-0.638452
0.349000,-0.475528
0.349125,-0.286327
0.349250,-0.793844
0.349375,-0.249808
0.349500,-0.404508
0.349625,-0.536856
0.349750,0.073005
0.349875,-0.328855
0.350000,-0.000000
0.350125,0.328855
0.350250,-0.073005
0.350375,0.536856
0.350500,0.404508
0.350625,0.249808
0.350750,0.793844
0.350875,0.286327
0.351000,0.475528
0.351125,0.638452
0.351250,0.053553
0.351375,0.473381
0.351500,0.154508
0.351625,-0.172902
0.351750,0.221783
0.351875,-0.403474
0.352000,-0.293893
0.352125,-0.168071
0.352250,-0.745503
0.352375,-0.274053
0.352500,-0.500000
0.352625,-0.698317
0.352750,-0.145503
0.352875,-0.592335
0.353000,-0.293893
0.353125,0.020790
0.353250,-0.378217
0.353375,0.251362
0.353500,0.154508
0.353625,0.049117
0.353750,0.653553
0.353875,0.214188
0.354000,0.475528
0.354125,0.710591
0.354250,0.193844
0.354375,0.674072
0.354500,0.404508
0.354625,0.112592
0.354750,0.526995
0.354875,-0.095409
0.355000,-0.000000
0.355125,0.095409
0.355250,-0.526995
0.355375,-0.112592
0.355500,-0.404508
0.355625,-0.674072
0.355750,-0.193844
0.355875,-0.710591
0.356000,-0.475528
0.356125,-0.214188
0.356250,-0.653553
0.356375,-0.049117
0.356500,-0.154508
0.356625,-0.251362
0.356750,0.378217
0.356875,-0.020790
0.357000,0.293893
0.357125,0.592335
0.357250,0.145503
0.357375,0.698317
0.357500,0.500000
0.357625,0.274053
0.357750,0.745503
0.357875,0.168071
0.358000,0.293893
0.358125,0.403474
0.358250,-0.221783
0.358375,0.172902
0.358500,-0.154508
0.358625,-0.473381
0.358750,-0.053553
0.358875,-0.638452
0.359000,-0.475528
0.359125,-0.286327
0.359250,-0.793844
0.359375,-0.249808
0.359500,-0.404508
0.359625,-0.536856
0.359750,0.073005
0.359875,-0.328855
0.360000,-0.000000
0.360125,0.328855
0.360250,-0.073005
0.360375,0.536856
0.360500,0.404508
0.360625,0.249808
0.360750,0.793844
0.360875,0.286327
0.361000,0.475528
0.361125,0.638452
0.361250,0.053553
0.361375,0.473381
0.361500,0.154508
0.361625,-0.172902
0.361750,0.221783
0.361875,-0.403474
0.362000,-0.293893
0.362125,-0.168071
0.362250,-0.745503
0.362375,-0.274053
0.362500,-0.500000
0.362625,-0.698317
0.362750,-0.145503
0.362875,-0.592335
0.363000,-0.293893
0.363125,0.020790
0.363250,-0.378217
0.363375,0.251362
0.363500,0.154508
0.363625,0.049117
0.363750,0.653553
0.363875,0.214188
0.364000,0.475528
0.364125,0.710591
0.364250,0.193844
0.364375,0.674072
0.364500,0.404508
0.364625,0.112592
0.364750,0.526995
0.364875,-0.095409
0.365000,-0.000000
0.365125,0.095409
0.365250,-0.526995
0.365375,-0.112592
0.365500,-0.404508
0.365625,-0.674072
0.365750,-0.193844
0.365875,-0.710591
0.366000,-0.475528
0.366125,-0.214188
0.366250,-0.653553
0.366375,-0.049117
0.366500,-0.154508
0.366625,-0.251362
0.366750,0.378217
0.366875,-0.020790
0.367000,0.293893
0.367125,0.592335
0.367250,0.145503
0.367375,0.698317
0.367500,0.500000
0.367625,0.274053
0.367750,0.745503
0.367875,0.168071
0.368000,0.293893
0.368125,0.403474
0.368250,-0.221783
0.368375,0.172902
0.368500,-0.154508
0.368625,-0.473381
0.368750,-0.053553
0.368875,-0.638452
0.369000,-0.475528
0.369125,-0.286327
0.369250,-0.793844
0.369375,-0.249808
0.369500,-0.404508
0.369625,-0.536856
0.369750,0.073005
0.369875,-0.328855
0.370000,-0.000000
0.370125,0.328855
0.370250,-0.073005
0.370375,0.536856
0.370500,0.404508
0.370625,0.249808
0.370750,0.793844
0.370875,0.286327
0.371000,0.475528
0.371125,0.638452
0.371250,0.053553
0.371375,0.473381
0.371500,0.154508
0.371625,-0.172902
0.371750,0.221783
0.371875,-0.403474
0.372000,-0.293893
0.372125,-0.168071
0.372250,-0.745503
0.372375,-0.274053
0.372500,-0.500000
0.372625,-0.698317
0.372750,-0.145503
0.372875,-0.592335
0.373000,-0.293893
0.373125,0.020790
0.373250,-0.378217
0.373375,0.251362
0.373500,0.154508
0.373625,0.049117
0.373750,0.653553
0.373875,0.214188
0.374000,0.475528
0.374125,0.710591
0.374250,0.193844
0.374375,0.674072
0.374500,0.404508
0.374625,0.112592
0.374750,0.526995
0.374875,-0.095409
