# h[n]: passa-baixa, 67 coeficientes, corte 1 kHz a fs 8 kHz
0.000546025
-0.000000000
-0.000641650
-0.001047257
-0.000877258
0.000000000
0.001276528
0.002185801
0.001865689
-0.000000000
-0.002675146
-0.004488387
-0.003742220
0.000000000
0.005115813
0.008397445
0.006864538
-0.000000000
-0.009091467
-0.014753639
-0.011962610
0.000000000
0.015766465
0.025699890
0.021052884
-0.000000000
-0.029009794
-0.049211751
-0.042743531
0.000000000
0.073679451
0.157941405
0.224766066
0.250173420
0.224766066
0.157941405
0.073679451
0.000000000
-0.042743531
-0.049211751
-0.029009794
-0.000000000
0.021052884
0.025699890
0.015766465
0.000000000
-0.011962610
-0.014753639
-0.009091467
-0.000000000
0.006864538
0.008397445
0.005115813
0.000000000
-0.003742220
-0.004488387
-0.002675146
-0.000000000
0.001865689
0.002185801
0.001276528
0.000000000
-0.000877258
-0.001047257
-0.000641650
-0.000000000
0.000546025
